,Name,url
0,Agilent Technologies,https://app.outboundsales.io/api/logo/agilent.com
1,American Airlines Group,https://app.outboundsales.io/api/logo/american.com
2,Advance Auto Parts,https://app.outboundsales.io/api/logo/advance.com
3,Apple,https://app.outboundsales.io/api/logo/apple.com
4,AbbVie,https://app.outboundsales.io/api/logo/abbvie.com
5,AmerisourceBergen,https://app.outboundsales.io/api/logo/amerisourcebergen.com
6,Abbott Laboratories,https://app.outboundsales.io/api/logo/abbott.com
7,Accenture,https://app.outboundsales.io/api/logo/accenture.com
8,Adobe,https://app.outboundsales.io/api/logo/adobe.com
9,Analog Devices,https://app.outboundsales.io/api/logo/analog.com
10,ADM,https://app.outboundsales.io/api/logo/adm.com
11,Automatic Data Processing,https://app.outboundsales.io/api/logo/automatic.com
12,Autodesk,https://app.outboundsales.io/api/logo/autodesk.com
13,Ameren Corp,https://app.outboundsales.io/api/logo/ameren.com
14,American Electric Power,https://app.outboundsales.io/api/logo/american.com
15,AES Corp,https://app.outboundsales.io/api/logo/aes.com
16,Aflac,https://app.outboundsales.io/api/logo/aflac.com
17,American International Group,https://app.outboundsales.io/api/logo/american.com
18,Assurant,https://app.outboundsales.io/api/logo/assurant.com
19,Arthur J. Gallagher & Co.,https://app.outboundsales.io/api/logo/arthur.com
20,Akamai Technologies,https://app.outboundsales.io/api/logo/akamai.com
21,Albemarle Corporation,https://app.outboundsales.io/api/logo/albemarle.com
22,Align Technology,https://app.outboundsales.io/api/logo/align.com
23,Alaska Air Group,https://app.outboundsales.io/api/logo/alaska.com
24,Allstate Corp,https://app.outboundsales.io/api/logo/allstate.com
25,Allegion,https://app.outboundsales.io/api/logo/allegion.com
26,Applied Materials,https://app.outboundsales.io/api/logo/applied.com
27,Amcor,https://app.outboundsales.io/api/logo/amcor.com
28,Advanced Micro Devices,https://app.outboundsales.io/api/logo/advanced.com
29,Ametek,https://app.outboundsales.io/api/logo/ametek.com
30,Amgen,https://app.outboundsales.io/api/logo/amgen.com
31,Ameriprise Financial,https://app.outboundsales.io/api/logo/ameriprise.com
32,American Tower,https://app.outboundsales.io/api/logo/american.com
33,Amazon,https://app.outboundsales.io/api/logo/amazon.com
34,Arista Networks,https://app.outboundsales.io/api/logo/arista.com
35,Ansys,https://app.outboundsales.io/api/logo/ansys.com
36,Aon,https://app.outboundsales.io/api/logo/aon.com
37,A. O. Smith,https://app.outboundsales.io/api/logo/a.com
38,APA Corporation,https://app.outboundsales.io/api/logo/apa.com
39,Air Products & Chemicals,https://app.outboundsales.io/api/logo/air.com
40,Amphenol,https://app.outboundsales.io/api/logo/amphenol.com
41,Aptiv,https://app.outboundsales.io/api/logo/aptiv.com
42,Alexandria Real Estate Equities,https://app.outboundsales.io/api/logo/alexandria.com
43,Atmos Energy,https://app.outboundsales.io/api/logo/atmos.com
44,Activision Blizzard,https://app.outboundsales.io/api/logo/activision.com
45,AvalonBay Communities,https://app.outboundsales.io/api/logo/avalonbay.com
46,Broadcom,https://app.outboundsales.io/api/logo/broadcom.com
47,Avery Dennison,https://app.outboundsales.io/api/logo/avery.com
48,American Water Works,https://app.outboundsales.io/api/logo/american.com
49,American Express,https://app.outboundsales.io/api/logo/american.com
50,AutoZone,https://app.outboundsales.io/api/logo/autozone.com
51,Boeing,https://app.outboundsales.io/api/logo/boeing.com
52,Bank of America,https://app.outboundsales.io/api/logo/bank.com
53,Baxter International,https://app.outboundsales.io/api/logo/baxter.com
54,Bath & Body Works Inc.,https://app.outboundsales.io/api/logo/bath.com
55,Best Buy,https://app.outboundsales.io/api/logo/best.com
56,Becton Dickinson,https://app.outboundsales.io/api/logo/becton.com
57,Franklin Resources,https://app.outboundsales.io/api/logo/franklin.com
58,Biogen,https://app.outboundsales.io/api/logo/biogen.com
59,Bio-Rad Laboratories,https://app.outboundsales.io/api/logo/bio.com
60,BNY Mellon,https://app.outboundsales.io/api/logo/bny.com
61,Booking Holdings,https://app.outboundsales.io/api/logo/booking.com
62,Baker Hughes,https://app.outboundsales.io/api/logo/baker.com
63,BlackRock,https://app.outboundsales.io/api/logo/blackrock.com
64,Bristol Myers Squibb,https://app.outboundsales.io/api/logo/bristol.com
65,Broadridge Financial Solutions,https://app.outboundsales.io/api/logo/broadridge.com
66,Brown & Brown,https://app.outboundsales.io/api/logo/brown.com
67,Boston Scientific,https://app.outboundsales.io/api/logo/boston.com
68,BorgWarner,https://app.outboundsales.io/api/logo/borgwarner.com
69,Boston Properties,https://app.outboundsales.io/api/logo/boston.com
70,Citigroup,https://app.outboundsales.io/api/logo/citigroup.com
71,Conagra Brands,https://app.outboundsales.io/api/logo/conagra.com
72,Cardinal Health,https://app.outboundsales.io/api/logo/cardinal.com
73,Carrier Global,https://app.outboundsales.io/api/logo/carrier.com
74,Caterpillar,https://app.outboundsales.io/api/logo/caterpillar.com
75,Chubb,https://app.outboundsales.io/api/logo/chubb.com
76,Cboe Global Markets,https://app.outboundsales.io/api/logo/cboe.com
77,CBRE,https://app.outboundsales.io/api/logo/cbre.com
78,Crown Castle,https://app.outboundsales.io/api/logo/crown.com
79,Carnival Corporation,https://app.outboundsales.io/api/logo/carnival.com
80,Ceridian,https://app.outboundsales.io/api/logo/ceridian.com
81,Cadence Design Systems,https://app.outboundsales.io/api/logo/cadence.com
82,CDW,https://app.outboundsales.io/api/logo/cdw.com
83,Celanese,https://app.outboundsales.io/api/logo/celanese.com
84,CF Industries,https://app.outboundsales.io/api/logo/cf.com
85,Citizens Financial Group,https://app.outboundsales.io/api/logo/citizens.com
86,Church & Dwight,https://app.outboundsales.io/api/logo/church.com
87,C. H. Robinson,https://app.outboundsales.io/api/logo/c.com
88,Charter Communications,https://app.outboundsales.io/api/logo/charter.com
89,Cigna,https://app.outboundsales.io/api/logo/cigna.com
90,Cincinnati Financial,https://app.outboundsales.io/api/logo/cincinnati.com
91,Colgate-Palmolive,https://app.outboundsales.io/api/logo/colgate.com
92,Clorox,https://app.outboundsales.io/api/logo/clorox.com
93,Comerica,https://app.outboundsales.io/api/logo/comerica.com
94,Comcast,https://app.outboundsales.io/api/logo/comcast.com
95,CME Group,https://app.outboundsales.io/api/logo/cme.com
96,Chipotle Mexican Grill,https://app.outboundsales.io/api/logo/chipotle.com
97,Cummins,https://app.outboundsales.io/api/logo/cummins.com
98,CMS Energy,https://app.outboundsales.io/api/logo/cms.com
99,Centene Corporation,https://app.outboundsales.io/api/logo/centene.com
100,CenterPoint Energy,https://app.outboundsales.io/api/logo/centerpoint.com
101,Capital One Financial,https://app.outboundsales.io/api/logo/capital.com
102,The Cooper Companies,https://app.outboundsales.io/api/logo/the.com
103,ConocoPhillips,https://app.outboundsales.io/api/logo/conocophillips.com
104,Costco,https://app.outboundsales.io/api/logo/costco.com
105,Campbell Soup,https://app.outboundsales.io/api/logo/campbell.com
106,Copart,https://app.outboundsales.io/api/logo/copart.com
107,Charles River Laboratories,https://app.outboundsales.io/api/logo/charles.com
108,Salesforce,https://app.outboundsales.io/api/logo/salesforce.com
109,Cisco Systems,https://app.outboundsales.io/api/logo/cisco.com
110,CSX,https://app.outboundsales.io/api/logo/csx.com
111,Cintas Corporation,https://app.outboundsales.io/api/logo/cintas.com
112,Catalent,https://app.outboundsales.io/api/logo/catalent.com
113,Coterra,https://app.outboundsales.io/api/logo/coterra.com
114,Cognizant Technology Solutions,https://app.outboundsales.io/api/logo/cognizant.com
115,Corteva,https://app.outboundsales.io/api/logo/corteva.com
116,CVS Health,https://app.outboundsales.io/api/logo/cvs.com
117,Chevron Corporation,https://app.outboundsales.io/api/logo/chevron.com
118,Caesars Entertainment,https://app.outboundsales.io/api/logo/caesars.com
119,Dominion Energy,https://app.outboundsales.io/api/logo/dominion.com
120,Delta Air Lines,https://app.outboundsales.io/api/logo/delta.com
121,DuPont,https://app.outboundsales.io/api/logo/dupont.com
122,Deere & Co.,https://app.outboundsales.io/api/logo/deere.com
123,Discover Financial Services,https://app.outboundsales.io/api/logo/discover.com
124,Dollar General,https://app.outboundsales.io/api/logo/dollar.com
125,Quest Diagnostics,https://app.outboundsales.io/api/logo/quest.com
126,D. R. Horton,https://app.outboundsales.io/api/logo/d.com
127,Danaher Corporation,https://app.outboundsales.io/api/logo/danaher.com
128,The Walt Disney Company,https://app.outboundsales.io/api/logo/the.com
129,Dish Network,https://app.outboundsales.io/api/logo/dish.com
130,Digital Realty Trust,https://app.outboundsales.io/api/logo/digital.com
131,Dollar Tree,https://app.outboundsales.io/api/logo/dollar.com
132,Dover Corporation,https://app.outboundsales.io/api/logo/dover.com
133,Dow,https://app.outboundsales.io/api/logo/dow.com
134,Domino's Pizza,https://app.outboundsales.io/api/logo/domino.com
135,Darden Restaurants,https://app.outboundsales.io/api/logo/darden.com
136,DTE Energy,https://app.outboundsales.io/api/logo/dte.com
137,Duke Energy,https://app.outboundsales.io/api/logo/duke.com
138,DaVita,https://app.outboundsales.io/api/logo/davita.com
139,Devon Energy,https://app.outboundsales.io/api/logo/devon.com
140,DXC Technology,https://app.outboundsales.io/api/logo/dxc.com
141,DexCom,https://app.outboundsales.io/api/logo/dexcom.com
142,Electronic Arts,https://app.outboundsales.io/api/logo/electronic.com
143,eBay,https://app.outboundsales.io/api/logo/ebay.com
144,Ecolab,https://app.outboundsales.io/api/logo/ecolab.com
145,Consolidated Edison,https://app.outboundsales.io/api/logo/consolidated.com
146,Equifax,https://app.outboundsales.io/api/logo/equifax.com
147,Edison International,https://app.outboundsales.io/api/logo/edison.com
148,Est√©e Lauder Companies,https://app.outboundsales.io/api/logo/est.com
149,Eastman Chemical,https://app.outboundsales.io/api/logo/eastman.com
150,Emerson Electric Company,https://app.outboundsales.io/api/logo/emerson.com
151,Enphase Energy,https://app.outboundsales.io/api/logo/enphase.com
152,EOG Resources,https://app.outboundsales.io/api/logo/eog.com
153,Equinix,https://app.outboundsales.io/api/logo/equinix.com
154,Equity Residential,https://app.outboundsales.io/api/logo/equity.com
155,Eversource Energy,https://app.outboundsales.io/api/logo/eversource.com
156,Essex Property Trust,https://app.outboundsales.io/api/logo/essex.com
157,Eaton Corporation,https://app.outboundsales.io/api/logo/eaton.com
158,Entergy,https://app.outboundsales.io/api/logo/entergy.com
159,Etsy,https://app.outboundsales.io/api/logo/etsy.com
160,Evergy,https://app.outboundsales.io/api/logo/evergy.com
161,Edwards Lifesciences,https://app.outboundsales.io/api/logo/edwards.com
162,Exelon,https://app.outboundsales.io/api/logo/exelon.com
163,Expeditors,https://app.outboundsales.io/api/logo/expeditors.com
164,Expedia Group,https://app.outboundsales.io/api/logo/expedia.com
165,Extra Space Storage,https://app.outboundsales.io/api/logo/extra.com
166,Ford,https://app.outboundsales.io/api/logo/ford.com
167,Diamondback Energy,https://app.outboundsales.io/api/logo/diamondback.com
168,Fastenal,https://app.outboundsales.io/api/logo/fastenal.com
169,Freeport-McMoRan,https://app.outboundsales.io/api/logo/freeport.com
170,FedEx,https://app.outboundsales.io/api/logo/fedex.com
171,FirstEnergy,https://app.outboundsales.io/api/logo/firstenergy.com
172,F5 Networks,https://app.outboundsales.io/api/logo/f5.com
173,Fidelity National Information Services,https://app.outboundsales.io/api/logo/fidelity.com
174,Fiserv,https://app.outboundsales.io/api/logo/fiserv.com
175,Fifth Third Bancorp,https://app.outboundsales.io/api/logo/fifth.com
176,Fleetcor,https://app.outboundsales.io/api/logo/fleetcor.com
177,FMC Corporation,https://app.outboundsales.io/api/logo/fmc.com
178,Fox Corporation (Class B),https://app.outboundsales.io/api/logo/fox.com
179,Fox Corporation (Class A),https://app.outboundsales.io/api/logo/fox.com
180,First Republic Bank,https://app.outboundsales.io/api/logo/first.com
181,Federal Realty Investment Trust,https://app.outboundsales.io/api/logo/federal.com
182,Fortinet,https://app.outboundsales.io/api/logo/fortinet.com
183,Fortive,https://app.outboundsales.io/api/logo/fortive.com
184,General Dynamics,https://app.outboundsales.io/api/logo/general.com
185,General Electric,https://app.outboundsales.io/api/logo/general.com
186,Gilead Sciences,https://app.outboundsales.io/api/logo/gilead.com
187,General Mills,https://app.outboundsales.io/api/logo/general.com
188,Globe Life,https://app.outboundsales.io/api/logo/globe.com
189,Corning,https://app.outboundsales.io/api/logo/corning.com
190,General Motors,https://app.outboundsales.io/api/logo/general.com
191,Generac Holdings,https://app.outboundsales.io/api/logo/generac.com
192,Alphabet (Class C),https://app.outboundsales.io/api/logo/alphabet.com
193,Alphabet (Class A),https://app.outboundsales.io/api/logo/alphabet.com
194,Genuine Parts,https://app.outboundsales.io/api/logo/genuine.com
195,Global Payments,https://app.outboundsales.io/api/logo/global.com
196,Garmin,https://app.outboundsales.io/api/logo/garmin.com
197,Goldman Sachs,https://app.outboundsales.io/api/logo/goldman.com
198,W. W. Grainger,https://app.outboundsales.io/api/logo/w.com
199,Halliburton,https://app.outboundsales.io/api/logo/halliburton.com
200,Hasbro,https://app.outboundsales.io/api/logo/hasbro.com
201,Huntington Bancshares,https://app.outboundsales.io/api/logo/huntington.com
202,HCA Healthcare,https://app.outboundsales.io/api/logo/hca.com
203,Home Depot,https://app.outboundsales.io/api/logo/home.com
204,Hess Corporation,https://app.outboundsales.io/api/logo/hess.com
205,The Hartford,https://app.outboundsales.io/api/logo/the.com
206,Huntington Ingalls Industries,https://app.outboundsales.io/api/logo/huntington.com
207,Hilton Worldwide,https://app.outboundsales.io/api/logo/hilton.com
208,Hologic,https://app.outboundsales.io/api/logo/hologic.com
209,Honeywell,https://app.outboundsales.io/api/logo/honeywell.com
210,Hewlett Packard Enterprise,https://app.outboundsales.io/api/logo/hewlett.com
211,HP,https://app.outboundsales.io/api/logo/hp.com
212,Hormel,https://app.outboundsales.io/api/logo/hormel.com
213,Henry Schein,https://app.outboundsales.io/api/logo/henry.com
214,Host Hotels & Resorts,https://app.outboundsales.io/api/logo/host.com
215,The Hershey Company,https://app.outboundsales.io/api/logo/the.com
216,Humana,https://app.outboundsales.io/api/logo/humana.com
217,Howmet Aerospace,https://app.outboundsales.io/api/logo/howmet.com
218,IBM,https://app.outboundsales.io/api/logo/ibm.com
219,Intercontinental Exchange,https://app.outboundsales.io/api/logo/intercontinental.com
220,Idexx Laboratories,https://app.outboundsales.io/api/logo/idexx.com
221,IDEX Corporation,https://app.outboundsales.io/api/logo/idex.com
222,International Flavors & Fragrances,https://app.outboundsales.io/api/logo/international.com
223,Illumina,https://app.outboundsales.io/api/logo/illumina.com
224,Incyte,https://app.outboundsales.io/api/logo/incyte.com
225,Intel,https://app.outboundsales.io/api/logo/intel.com
226,Intuit,https://app.outboundsales.io/api/logo/intuit.com
227,International Paper,https://app.outboundsales.io/api/logo/international.com
228,Interpublic Group,https://app.outboundsales.io/api/logo/interpublic.com
229,IQVIA,https://app.outboundsales.io/api/logo/iqvia.com
230,Ingersoll Rand,https://app.outboundsales.io/api/logo/ingersoll.com
231,Iron Mountain,https://app.outboundsales.io/api/logo/iron.com
232,Intuitive Surgical,https://app.outboundsales.io/api/logo/intuitive.com
233,Gartner,https://app.outboundsales.io/api/logo/gartner.com
234,Illinois Tool Works,https://app.outboundsales.io/api/logo/illinois.com
235,Invesco,https://app.outboundsales.io/api/logo/invesco.com
236,Jacobs Engineering Group,https://app.outboundsales.io/api/logo/jacobs.com
237,J. B. Hunt,https://app.outboundsales.io/api/logo/j.com
238,Johnson Controls,https://app.outboundsales.io/api/logo/johnson.com
239,Jack Henry & Associates,https://app.outboundsales.io/api/logo/jack.com
240,Johnson & Johnson,https://app.outboundsales.io/api/logo/johnson.com
241,Juniper Networks,https://app.outboundsales.io/api/logo/juniper.com
242,JPMorgan Chase,https://app.outboundsales.io/api/logo/jpmorgan.com
243,Kellogg's,https://app.outboundsales.io/api/logo/kellogg.com
244,KeyCorp,https://app.outboundsales.io/api/logo/keycorp.com
245,Keysight Technologies,https://app.outboundsales.io/api/logo/keysight.com
246,Kraft Heinz,https://app.outboundsales.io/api/logo/kraft.com
247,Kimco Realty,https://app.outboundsales.io/api/logo/kimco.com
248,KLA Corporation,https://app.outboundsales.io/api/logo/kla.com
249,Kimberly-Clark,https://app.outboundsales.io/api/logo/kimberly.com
250,Kinder Morgan,https://app.outboundsales.io/api/logo/kinder.com
251,CarMax,https://app.outboundsales.io/api/logo/carmax.com
252,Coca-Cola Company,https://app.outboundsales.io/api/logo/coca.com
253,Kroger,https://app.outboundsales.io/api/logo/kroger.com
254,Loews Corporation,https://app.outboundsales.io/api/logo/loews.com
255,Leidos,https://app.outboundsales.io/api/logo/leidos.com
256,Lennar,https://app.outboundsales.io/api/logo/lennar.com
257,LabCorp,https://app.outboundsales.io/api/logo/labcorp.com
258,L3Harris Technologies,https://app.outboundsales.io/api/logo/l3harris.com
259,Linde,https://app.outboundsales.io/api/logo/linde.com
260,LKQ Corporation,https://app.outboundsales.io/api/logo/lkq.com
261,Eli Lilly & Co,https://app.outboundsales.io/api/logo/eli.com
262,Lockheed Martin,https://app.outboundsales.io/api/logo/lockheed.com
263,Lincoln National,https://app.outboundsales.io/api/logo/lincoln.com
264,Alliant Energy,https://app.outboundsales.io/api/logo/alliant.com
265,Lowe's,https://app.outboundsales.io/api/logo/lowe.com
266,Lam Research,https://app.outboundsales.io/api/logo/lam.com
267,Lumen Technologies,https://app.outboundsales.io/api/logo/lumen.com
268,Southwest Airlines,https://app.outboundsales.io/api/logo/southwest.com
269,Las Vegas Sands,https://app.outboundsales.io/api/logo/las.com
270,Lamb Weston,https://app.outboundsales.io/api/logo/lamb.com
271,LyondellBasell,https://app.outboundsales.io/api/logo/lyondellbasell.com
272,Live Nation Entertainment,https://app.outboundsales.io/api/logo/live.com
273,Mastercard,https://app.outboundsales.io/api/logo/mastercard.com
274,Mid-America Apartments,https://app.outboundsales.io/api/logo/mid.com
275,Marriott International,https://app.outboundsales.io/api/logo/marriott.com
276,Masco,https://app.outboundsales.io/api/logo/masco.com
277,McDonald's,https://app.outboundsales.io/api/logo/mcdonald.com
278,Microchip Technology,https://app.outboundsales.io/api/logo/microchip.com
279,McKesson Corporation,https://app.outboundsales.io/api/logo/mckesson.com
280,Moody's Corporation,https://app.outboundsales.io/api/logo/moody.com
281,Mondelez International,https://app.outboundsales.io/api/logo/mondelez.com
282,Medtronic,https://app.outboundsales.io/api/logo/medtronic.com
283,MetLife,https://app.outboundsales.io/api/logo/metlife.com
284,MGM Resorts International,https://app.outboundsales.io/api/logo/mgm.com
285,Mohawk Industries,https://app.outboundsales.io/api/logo/mohawk.com
286,McCormick & Company,https://app.outboundsales.io/api/logo/mccormick.com
287,MarketAxess,https://app.outboundsales.io/api/logo/marketaxess.com
288,Martin Marietta Materials,https://app.outboundsales.io/api/logo/martin.com
289,Marsh & McLennan,https://app.outboundsales.io/api/logo/marsh.com
290,3M,https://app.outboundsales.io/api/logo/3m.com
291,Monster Beverage,https://app.outboundsales.io/api/logo/monster.com
292,Altria Group,https://app.outboundsales.io/api/logo/altria.com
293,The Mosaic Company,https://app.outboundsales.io/api/logo/the.com
294,Marathon Petroleum,https://app.outboundsales.io/api/logo/marathon.com
295,Monolithic Power Systems,https://app.outboundsales.io/api/logo/monolithic.com
296,Merck & Co.,https://app.outboundsales.io/api/logo/merck.com
297,Moderna,https://app.outboundsales.io/api/logo/moderna.com
298,Marathon Oil,https://app.outboundsales.io/api/logo/marathon.com
299,Morgan Stanley,https://app.outboundsales.io/api/logo/morgan.com
300,MSCI,https://app.outboundsales.io/api/logo/msci.com
301,Microsoft,https://app.outboundsales.io/api/logo/microsoft.com
302,Motorola Solutions,https://app.outboundsales.io/api/logo/motorola.com
303,M&T Bank,https://app.outboundsales.io/api/logo/m.com
304,Match Group,https://app.outboundsales.io/api/logo/match.com
305,Mettler Toledo,https://app.outboundsales.io/api/logo/mettler.com
306,Micron Technology,https://app.outboundsales.io/api/logo/micron.com
307,Norwegian Cruise Line Holdings,https://app.outboundsales.io/api/logo/norwegian.com
308,Nasdaq,https://app.outboundsales.io/api/logo/nasdaq.com
309,NextEra Energy,https://app.outboundsales.io/api/logo/nextera.com
310,Newmont,https://app.outboundsales.io/api/logo/newmont.com
311,Netflix,https://app.outboundsales.io/api/logo/netflix.com
312,NiSource,https://app.outboundsales.io/api/logo/nisource.com
313,Nike,https://app.outboundsales.io/api/logo/nike.com
314,Northrop Grumman,https://app.outboundsales.io/api/logo/northrop.com
315,ServiceNow,https://app.outboundsales.io/api/logo/servicenow.com
316,NRG Energy,https://app.outboundsales.io/api/logo/nrg.com
317,Norfolk Southern,https://app.outboundsales.io/api/logo/norfolk.com
318,NetApp,https://app.outboundsales.io/api/logo/netapp.com
319,Northern Trust,https://app.outboundsales.io/api/logo/northern.com
320,Nucor,https://app.outboundsales.io/api/logo/nucor.com
321,Nvidia,https://app.outboundsales.io/api/logo/nvidia.com
322,NVR,https://app.outboundsales.io/api/logo/nvr.com
323,Newell Brands,https://app.outboundsales.io/api/logo/newell.com
324,News Corp (Class B),https://app.outboundsales.io/api/logo/news.com
325,News Corp (Class A),https://app.outboundsales.io/api/logo/news.com
326,NXP,https://app.outboundsales.io/api/logo/nxp.com
327,Realty Income Corporation,https://app.outboundsales.io/api/logo/realty.com
328,Old Dominion Freight Line,https://app.outboundsales.io/api/logo/old.com
329,Organon & Co.,https://app.outboundsales.io/api/logo/organon.com
330,Oneok,https://app.outboundsales.io/api/logo/oneok.com
331,Omnicom Group,https://app.outboundsales.io/api/logo/omnicom.com
332,Oracle,https://app.outboundsales.io/api/logo/oracle.com
333,O'Reilly Automotive,https://app.outboundsales.io/api/logo/o.com
334,Otis Worldwide,https://app.outboundsales.io/api/logo/otis.com
335,Occidental Petroleum,https://app.outboundsales.io/api/logo/occidental.com
336,Paycom,https://app.outboundsales.io/api/logo/paycom.com
337,Paychex,https://app.outboundsales.io/api/logo/paychex.com
338,Paccar,https://app.outboundsales.io/api/logo/paccar.com
339,Healthpeak Properties,https://app.outboundsales.io/api/logo/healthpeak.com
340,Public Service Enterprise Group,https://app.outboundsales.io/api/logo/public.com
341,PepsiCo,https://app.outboundsales.io/api/logo/pepsico.com
342,Pfizer,https://app.outboundsales.io/api/logo/pfizer.com
343,Principal Financial Group,https://app.outboundsales.io/api/logo/principal.com
344,Procter & Gamble,https://app.outboundsales.io/api/logo/procter.com
345,Progressive Corporation,https://app.outboundsales.io/api/logo/progressive.com
346,Parker-Hannifin,https://app.outboundsales.io/api/logo/parker.com
347,PulteGroup,https://app.outboundsales.io/api/logo/pultegroup.com
348,Packaging Corporation of America,https://app.outboundsales.io/api/logo/packaging.com
349,PerkinElmer,https://app.outboundsales.io/api/logo/perkinelmer.com
350,Prologis,https://app.outboundsales.io/api/logo/prologis.com
351,Philip Morris International,https://app.outboundsales.io/api/logo/philip.com
352,PNC Financial Services,https://app.outboundsales.io/api/logo/pnc.com
353,Pentair,https://app.outboundsales.io/api/logo/pentair.com
354,Pinnacle West Capital,https://app.outboundsales.io/api/logo/pinnacle.com
355,Pool Corporation,https://app.outboundsales.io/api/logo/pool.com
356,PPG Industries,https://app.outboundsales.io/api/logo/ppg.com
357,PPL,https://app.outboundsales.io/api/logo/ppl.com
358,Prudential Financial,https://app.outboundsales.io/api/logo/prudential.com
359,Public Storage,https://app.outboundsales.io/api/logo/public.com
360,Phillips 66,https://app.outboundsales.io/api/logo/phillips.com
361,PTC,https://app.outboundsales.io/api/logo/ptc.com
362,Quanta Services,https://app.outboundsales.io/api/logo/quanta.com
363,Pioneer Natural Resources,https://app.outboundsales.io/api/logo/pioneer.com
364,PayPal,https://app.outboundsales.io/api/logo/paypal.com
365,Qualcomm,https://app.outboundsales.io/api/logo/qualcomm.com
366,Qorvo,https://app.outboundsales.io/api/logo/qorvo.com
367,Royal Caribbean Group,https://app.outboundsales.io/api/logo/royal.com
368,Everest Re,https://app.outboundsales.io/api/logo/everest.com
369,Regency Centers,https://app.outboundsales.io/api/logo/regency.com
370,Regeneron Pharmaceuticals,https://app.outboundsales.io/api/logo/regeneron.com
371,Regions Financial Corporation,https://app.outboundsales.io/api/logo/regions.com
372,Robert Half International,https://app.outboundsales.io/api/logo/robert.com
373,Raymond James Financial,https://app.outboundsales.io/api/logo/raymond.com
374,Ralph Lauren Corporation,https://app.outboundsales.io/api/logo/ralph.com
375,ResMed,https://app.outboundsales.io/api/logo/resmed.com
376,Rockwell Automation,https://app.outboundsales.io/api/logo/rockwell.com
377,Rollins,https://app.outboundsales.io/api/logo/rollins.com
378,Roper Technologies,https://app.outboundsales.io/api/logo/roper.com
379,Ross Stores,https://app.outboundsales.io/api/logo/ross.com
380,Republic Services,https://app.outboundsales.io/api/logo/republic.com
381,Raytheon Technologies,https://app.outboundsales.io/api/logo/raytheon.com
382,SBA Communications,https://app.outboundsales.io/api/logo/sba.com
383,Starbucks,https://app.outboundsales.io/api/logo/starbucks.com
384,Charles Schwab Corporation,https://app.outboundsales.io/api/logo/charles.com
385,Sealed Air,https://app.outboundsales.io/api/logo/sealed.com
386,Sherwin-Williams,https://app.outboundsales.io/api/logo/sherwin.com
387,SVB Financial,https://app.outboundsales.io/api/logo/svb.com
388,JM Smucker,https://app.outboundsales.io/api/logo/jm.com
389,Schlumberger,https://app.outboundsales.io/api/logo/schlumberger.com
390,Snap-on,https://app.outboundsales.io/api/logo/snap.com
391,Synopsys,https://app.outboundsales.io/api/logo/synopsys.com
392,Southern Company,https://app.outboundsales.io/api/logo/southern.com
393,Simon Property Group,https://app.outboundsales.io/api/logo/simon.com
394,S&P Global,https://app.outboundsales.io/api/logo/s.com
395,Sempra Energy,https://app.outboundsales.io/api/logo/sempra.com
396,Steris,https://app.outboundsales.io/api/logo/steris.com
397,State Street Corporation,https://app.outboundsales.io/api/logo/state.com
398,Seagate Technology,https://app.outboundsales.io/api/logo/seagate.com
399,Constellation Brands,https://app.outboundsales.io/api/logo/constellation.com
400,Stanley Black & Decker,https://app.outboundsales.io/api/logo/stanley.com
401,Skyworks Solutions,https://app.outboundsales.io/api/logo/skyworks.com
402,Synchrony Financial,https://app.outboundsales.io/api/logo/synchrony.com
403,Stryker Corporation,https://app.outboundsales.io/api/logo/stryker.com
404,Sysco,https://app.outboundsales.io/api/logo/sysco.com
405,AT&T,https://app.outboundsales.io/api/logo/at.com
406,Molson Coors Beverage Company,https://app.outboundsales.io/api/logo/molson.com
407,TransDigm Group,https://app.outboundsales.io/api/logo/transdigm.com
408,Teledyne Technologies,https://app.outboundsales.io/api/logo/teledyne.com
409,Bio-Techne,https://app.outboundsales.io/api/logo/bio.com
410,TE Connectivity,https://app.outboundsales.io/api/logo/te.com
411,Teradyne,https://app.outboundsales.io/api/logo/teradyne.com
412,Truist Financial,https://app.outboundsales.io/api/logo/truist.com
413,Teleflex,https://app.outboundsales.io/api/logo/teleflex.com
414,Target Corporation,https://app.outboundsales.io/api/logo/target.com
415,TJX Companies,https://app.outboundsales.io/api/logo/tjx.com
416,Thermo Fisher Scientific,https://app.outboundsales.io/api/logo/thermo.com
417,T-Mobile US,https://app.outboundsales.io/api/logo/t.com
418,Tapestry,https://app.outboundsales.io/api/logo/tapestry.com
419,Trimble,https://app.outboundsales.io/api/logo/trimble.com
420,T. Rowe Price,https://app.outboundsales.io/api/logo/t.com
421,The Travelers Companies,https://app.outboundsales.io/api/logo/the.com
422,Tractor Supply Company,https://app.outboundsales.io/api/logo/tractor.com
423,Tesla,https://app.outboundsales.io/api/logo/tesla.com
424,Tyson Foods,https://app.outboundsales.io/api/logo/tyson.com
425,Trane Technologies,https://app.outboundsales.io/api/logo/trane.com
426,Take-Two Interactive,https://app.outboundsales.io/api/logo/take.com
427,Texas Instruments,https://app.outboundsales.io/api/logo/texas.com
428,Textron,https://app.outboundsales.io/api/logo/textron.com
429,Tyler Technologies,https://app.outboundsales.io/api/logo/tyler.com
430,United Airlines,https://app.outboundsales.io/api/logo/united.com
431,UDR,https://app.outboundsales.io/api/logo/udr.com
432,Universal Health Services,https://app.outboundsales.io/api/logo/universal.com
433,Ulta Beauty,https://app.outboundsales.io/api/logo/ulta.com
434,UnitedHealth Group,https://app.outboundsales.io/api/logo/unitedhealth.com
435,Union Pacific,https://app.outboundsales.io/api/logo/union.com
436,United Parcel Service,https://app.outboundsales.io/api/logo/united.com
437,United Rentals,https://app.outboundsales.io/api/logo/united.com
438,U.S. Bancorp,https://app.outboundsales.io/api/logo/u.com
439,Visa,https://app.outboundsales.io/api/logo/visa.com
440,VF Corporation,https://app.outboundsales.io/api/logo/vf.com
441,Valero Energy,https://app.outboundsales.io/api/logo/valero.com
442,Vulcan Materials,https://app.outboundsales.io/api/logo/vulcan.com
443,Verisk Analytics,https://app.outboundsales.io/api/logo/verisk.com
444,Verisign,https://app.outboundsales.io/api/logo/verisign.com
445,Vertex Pharmaceuticals,https://app.outboundsales.io/api/logo/vertex.com
446,Ventas,https://app.outboundsales.io/api/logo/ventas.com
447,Viatris,https://app.outboundsales.io/api/logo/viatris.com
448,Verizon Communications,https://app.outboundsales.io/api/logo/verizon.com
449,Wabtec,https://app.outboundsales.io/api/logo/wabtec.com
450,Waters Corporation,https://app.outboundsales.io/api/logo/waters.com
451,Walgreens Boots Alliance,https://app.outboundsales.io/api/logo/walgreens.com
452,Western Digital,https://app.outboundsales.io/api/logo/western.com
453,WEC Energy Group,https://app.outboundsales.io/api/logo/wec.com
454,Welltower,https://app.outboundsales.io/api/logo/welltower.com
455,Wells Fargo,https://app.outboundsales.io/api/logo/wells.com
456,Whirlpool Corporation,https://app.outboundsales.io/api/logo/whirlpool.com
457,Waste Management,https://app.outboundsales.io/api/logo/waste.com
458,Williams Companies,https://app.outboundsales.io/api/logo/williams.com
459,Walmart,https://app.outboundsales.io/api/logo/walmart.com
460,W. R. Berkley Corporation,https://app.outboundsales.io/api/logo/w.com
461,WestRock,https://app.outboundsales.io/api/logo/westrock.com
462,West Pharmaceutical Services,https://app.outboundsales.io/api/logo/west.com
463,Weyerhaeuser,https://app.outboundsales.io/api/logo/weyerhaeuser.com
464,Wynn Resorts,https://app.outboundsales.io/api/logo/wynn.com
465,Xcel Energy,https://app.outboundsales.io/api/logo/xcel.com
466,ExxonMobil,https://app.outboundsales.io/api/logo/exxonmobil.com
467,Dentsply Sirona,https://app.outboundsales.io/api/logo/dentsply.com
468,Xylem,https://app.outboundsales.io/api/logo/xylem.com
469,Yum! Brands,https://app.outboundsales.io/api/logo/yum.com
470,Zimmer Biomet,https://app.outboundsales.io/api/logo/zimmer.com
471,Zebra Technologies,https://app.outboundsales.io/api/logo/zebra.com
472,Zions Bancorp,https://app.outboundsales.io/api/logo/zions.com
473,Zoetis,https://app.outboundsales.io/api/logo/zoetis.com
